{
  "1": {
    "correct_avg_min": {
      "L_Elbow_min": 167.2644288036375,
      "L_Elbow_max": 169.41381799355185,
      "L_Elbow_mean": 168.44251476228263,
      "R_Elbow_min": 129.67439250091627,
      "R_Elbow_max": 176.93482393020543,
      "R_Elbow_mean": 165.05108520486993,
      "L_Knee_min": 163.2064550520311,
      "L_Knee_max": 164.52173622058746,
      "L_Knee_mean": 163.90580566022555,
      "R_Knee_min": 159.5815766065008,
      "R_Knee_max": 161.26990770309138,
      "R_Knee_mean": 160.46782606263224,
      "L_Hip_min": 62.830031036782565,
      "L_Hip_max": 75.02875331922552,
      "L_Hip_mean": 68.30045734973518,
      "R_Hip_min": 104.97124668077436,
      "R_Hip_max": 117.16996896321717,
      "R_Hip_mean": 111.69954265026479,
      "L_Shoulder_min": 131.5615625286065,
      "L_Shoulder_max": 139.7460817038653,
      "L_Shoulder_mean": 135.61614380280676,
      "R_Shoulder_min": 51.587112974389555,
      "R_Shoulder_max": 144.41147693958806,
      "R_Shoulder_mean": 99.22691403521488
    },
    "incorrect_avg_min": {
      "L_Elbow_min": 165.7556571592443,
      "L_Elbow_max": 168.6775975078907,
      "L_Elbow_mean": 167.45026477631762,
      "R_Elbow_min": 144.79783272204904,
      "R_Elbow_max": 177.63070082210902,
      "R_Elbow_mean": 166.41357493834127,
      "L_Knee_min": 166.6866949681894,
      "L_Knee_max": 168.10361615849513,
      "L_Knee_mean": 167.4023535828851,
      "R_Knee_min": 164.0239687376489,
      "R_Knee_max": 165.87431580133864,
      "R_Knee_mean": 164.99678333036817,
      "L_Hip_min": 64.9807496227416,
      "L_Hip_max": 79.87557712515363,
      "L_Hip_mean": 72.26549808942606,
      "R_Hip_min": 100.12442287484645,
      "R_Hip_max": 115.01925037725796,
      "R_Hip_mean": 107.73450191057394,
      "L_Shoulder_min": 125.81692296246557,
      "L_Shoulder_max": 135.91363743626073,
      "L_Shoulder_mean": 131.18711092603482,
      "R_Shoulder_min": 58.02282756251532,
      "R_Shoulder_max": 142.08581331365133,
      "R_Shoulder_mean": 105.66153308007887
    }
  },
  "5": {
    "correct_avg_min": {
      "L_Elbow_min": 112.24668941279637,
      "L_Elbow_max": 151.23139126527585,
      "L_Elbow_mean": 136.0200142424181,
      "R_Elbow_min": 115.0977105095673,
      "R_Elbow_max": 156.35112777143144,
      "R_Elbow_mean": 138.81434619883774,
      "L_Knee_min": 95.20679387338363,
      "L_Knee_max": 164.68388669189815,
      "L_Knee_mean": 132.00320653944442,
      "R_Knee_min": 88.78492288023531,
      "R_Knee_max": 158.93345744582703,
      "R_Knee_mean": 125.57392271987455,
      "L_Hip_min": 72.82907577933308,
      "L_Hip_max": 113.1039503482113,
      "L_Hip_mean": 95.14454583816493,
      "R_Hip_min": 66.8960496517887,
      "R_Hip_max": 107.17092422066769,
      "R_Hip_mean": 84.85545416183508,
      "L_Shoulder_min": 102.1456072908794,
      "L_Shoulder_max": 141.88157767460802,
      "L_Shoulder_mean": 116.93276681717376,
      "R_Shoulder_min": 63.336433330707166,
      "R_Shoulder_max": 113.83643867394782,
      "R_Shoulder_mean": 92.03140277664515
    },
    "incorrect_avg_min": {
      "L_Elbow_min": 119.49459476908228,
      "L_Elbow_max": 154.34752403948988,
      "L_Elbow_mean": 137.81492330117436,
      "R_Elbow_min": 131.38010819334994,
      "R_Elbow_max": 161.8901213775869,
      "R_Elbow_mean": 148.6811436598448,
      "L_Knee_min": 91.47146792123766,
      "L_Knee_max": 165.616497695765,
      "L_Knee_mean": 131.2175027188316,
      "R_Knee_min": 85.72164200958268,
      "R_Knee_max": 158.90731608847804,
      "R_Knee_mean": 125.15298894798471,
      "L_Hip_min": 77.99857679914943,
      "L_Hip_max": 118.06733234551245,
      "L_Hip_mean": 97.37733296929098,
      "R_Hip_min": 61.93266765448786,
      "R_Hip_max": 102.00142320085101,
      "R_Hip_mean": 82.62266703070905,
      "L_Shoulder_min": 102.6583808987534,
      "L_Shoulder_max": 142.37043580624476,
      "L_Shoulder_mean": 121.3048517526459,
      "R_Shoulder_min": 60.041521391942375,
      "R_Shoulder_max": 107.78375419789607,
      "R_Shoulder_mean": 85.80437389258257
    }
  },
  "2": {
    "correct_avg_min": {
      "L_Elbow_min": 35.71612772200859,
      "L_Elbow_max": 173.01662765717361,
      "L_Elbow_mean": 107.41373962695651,
      "R_Elbow_min": 39.161818974936104,
      "R_Elbow_max": 168.2010586269333,
      "R_Elbow_mean": 97.26093877996335,
      "L_Knee_min": 165.60991491867108,
      "L_Knee_max": 167.4122262860389,
      "L_Knee_mean": 166.48964084184792,
      "R_Knee_min": 161.07838291048867,
      "R_Knee_max": 163.17173274753083,
      "R_Knee_mean": 161.9527954555369,
      "L_Hip_min": 59.86540590806365,
      "L_Hip_max": 68.45534820245918,
      "L_Hip_mean": 64.32584765343313,
      "R_Hip_min": 111.54465179754075,
      "R_Hip_max": 120.13459409193591,
      "R_Hip_mean": 115.67415234656688,
      "L_Shoulder_min": 132.76246453052383,
      "L_Shoulder_max": 157.42489717380232,
      "L_Shoulder_mean": 145.35180035279296,
      "R_Shoulder_min": 72.48846045418915,
      "R_Shoulder_max": 140.64921313491695,
      "R_Shoulder_mean": 109.55928361955483
    },
    "incorrect_avg_min": {
      "L_Elbow_min": 23.18965062284572,
      "L_Elbow_max": 174.57321097579762,
      "L_Elbow_mean": 101.59026495711022,
      "R_Elbow_min": 41.674441453601986,
      "R_Elbow_max": 168.57859213297354,
      "R_Elbow_mean": 99.0599939570449,
      "L_Knee_min": 164.94288929351208,
      "L_Knee_max": 168.37210445637925,
      "L_Knee_mean": 166.44176401142008,
      "R_Knee_min": 160.96394579279882,
      "R_Knee_max": 165.44056545731885,
      "R_Knee_mean": 162.85743496054292,
      "L_Hip_min": 54.67139750515736,
      "L_Hip_max": 71.60395200232387,
      "L_Hip_mean": 62.917411414020606,
      "R_Hip_min": 108.3960479976762,
      "R_Hip_max": 125.32860249484271,
      "R_Hip_mean": 117.08258858597944,
      "L_Shoulder_min": 124.60461426714042,
      "L_Shoulder_max": 158.72234896939042,
      "L_Shoulder_mean": 141.51077454485525,
      "R_Shoulder_min": 68.51952961459892,
      "R_Shoulder_max": 142.68017379553302,
      "R_Shoulder_mean": 109.70250155087228
    }
  },
  "3": {
    "correct_avg_min": {
      "L_Elbow_min": 138.73282460218613,
      "L_Elbow_max": 178.03570154584247,
      "L_Elbow_mean": 160.77843260768347,
      "R_Elbow_min": 94.26252191783914,
      "R_Elbow_max": 171.41722484194833,
      "R_Elbow_mean": 129.07590373331078,
      "L_Knee_min": 169.7515352735649,
      "L_Knee_max": 176.35973956648246,
      "L_Knee_mean": 173.64523277981885,
      "R_Knee_min": 159.89711877852628,
      "R_Knee_max": 175.64268447983338,
      "R_Knee_mean": 169.3998754551115,
      "L_Hip_min": 69.63674027638673,
      "L_Hip_max": 81.40958420547759,
      "L_Hip_mean": 76.2050988165811,
      "R_Hip_min": 98.59041579452244,
      "R_Hip_max": 110.36325972361327,
      "R_Hip_mean": 103.79490118341894,
      "L_Shoulder_min": 102.24136177478242,
      "L_Shoulder_max": 125.78270572590314,
      "L_Shoulder_mean": 113.7392824352481,
      "R_Shoulder_min": 84.86540982807104,
      "R_Shoulder_max": 98.89490161992946,
      "R_Shoulder_mean": 93.10979199184474
    },
    "incorrect_avg_min": {
      "L_Elbow_min": 93.63988768370018,
      "L_Elbow_max": 176.26030441819412,
      "L_Elbow_mean": 138.96294009306064,
      "R_Elbow_min": 80.84239018504174,
      "R_Elbow_max": 169.82096727585179,
      "R_Elbow_mean": 120.74990478905727,
      "L_Knee_min": 169.6303199304203,
      "L_Knee_max": 177.57628571488218,
      "L_Knee_mean": 174.98781887662804,
      "R_Knee_min": 169.56066652799285,
      "R_Knee_max": 177.34528675823438,
      "R_Knee_mean": 174.6413737516837,
      "L_Hip_min": 67.3944072658387,
      "L_Hip_max": 82.28479972411965,
      "L_Hip_mean": 76.10111334733958,
      "R_Hip_min": 97.71520027588033,
      "R_Hip_max": 112.60559273416129,
      "R_Hip_mean": 103.89888665266042,
      "L_Shoulder_min": 102.31340479392638,
      "L_Shoulder_max": 128.32063855685394,